"Продукт";"Цена";"Ссылка"
"Электрическая варочная поверхность DEXP 4M2CTYL/B [независимая, конфорок - 2 шт, панель - стеклокерамика, 3.2 кВт]";"5 299 ₽";"https://www.dns-shop.ru/product/b14ab076c2c91b80/elektriceskaa-varocnaa-poverhnost-dexp-4m2ctylb/"
"Электрическая варочная поверхность DEXP EH-C2NSMA/B [независимая, конфорок - 2 шт, панель - стеклокерамика, 3.3 кВт]";"5 499 ₽";"https://www.dns-shop.ru/product/128713c21a191b80/elektriceskaa-varocnaa-poverhnost-dexp-eh-c2nsmab/"
"Индукционная варочная поверхность DEXP EH-I2MA/B [независимая, конфорок - 2 шт, панель - стеклокерамика, 3.5 кВт]";"5 599 ₽";"https://www.dns-shop.ru/product/126bbdc7a6211b80/indukcionnaa-varocnaa-poverhnost-dexp-eh-i2mab/"
"Электрическая варочная поверхность Weissgauff HV 32 B [независимая, конфорок - 2 шт, панель - стеклокерамика, 3 кВт]";"5 599 ₽";"https://www.dns-shop.ru/product/2656527c8a493330/elektriceskaa-varocnaa-poverhnost-weissgauff-hv-32-b/"
"Индукционная варочная поверхность DEXP EH-I2SMA/B [независимая, конфорок - 2 шт, панель - стеклокерамика, 3.5 кВт]";"5 899 ₽";"https://www.dns-shop.ru/product/5ff0a0b20d4bed20/indukcionnaa-varocnaa-poverhnost-dexp-eh-i2smab/"
"Электрическая варочная поверхность Weissgauff HV 312B [независимая, конфорок - 2 шт, панель - стеклокерамика, 3 кВт]";"5 899 ₽";"https://www.dns-shop.ru/product/a20eea416a683330/elektriceskaa-varocnaa-poverhnost-weissgauff-hv-312b/"
"Индукционная варочная поверхность DEXP EH-I2MB/B [независимая, конфорок - 2 шт, панель - стеклокерамика, 3.5 кВт]";"6 999 ₽";"https://www.dns-shop.ru/product/9cb66cfd0d4bed20/indukcionnaa-varocnaa-poverhnost-dexp-eh-i2mbb/"
"Индукционная варочная поверхность Weissgauff HI 32 [независимая, конфорок - 2 шт, панель - стеклокерамика, 3.5 кВт]";"7 199 ₽";"https://www.dns-shop.ru/product/265652788a493330/indukcionnaa-varocnaa-poverhnost-weissgauff-hi-32/"
"Электрическая варочная поверхность DEXP 1B4TDB [независимая, конфорок - 4 шт, панель - стеклокерамика, 6.4 кВт]";"7 199 ₽";"https://www.dns-shop.ru/product/fb9124f872b7ed20/elektriceskaa-varocnaa-poverhnost-dexp-1b4tdb/"
"Электрическая варочная поверхность Akpo PKA 309005K BL [независимая, конфорок - 2 шт, панель - стеклокерамика, 3 кВт]";"7 499 ₽";"https://www.dns-shop.ru/product/85a3fe8e3af6ed20/elektriceskaa-varocnaa-poverhnost-akpo-pka-309005k-bl/"
"Электрическая варочная поверхность Akpo PKA 309105K BL [независимая, конфорок - 2 шт, панель - стеклокерамика, 3.2 кВт]";"7 499 ₽";"https://www.dns-shop.ru/product/9eebc0903af7ed20/elektriceskaa-varocnaa-poverhnost-akpo-pka-309105k-bl/"
"Электрическая варочная поверхность DEXP 1B4TODB [независимая, конфорок - 4 шт, панель - стеклокерамика, 6.6 кВт]";"7 499 ₽";"https://www.dns-shop.ru/product/e154e46b72b2ed20/elektriceskaa-varocnaa-poverhnost-dexp-1b4todb/"
"Электрическая варочная поверхность HOMSair HV32BK [независимая, конфорок - 2 шт, панель - стеклокерамика, 2.4 кВт]";"7 499 ₽";"https://www.dns-shop.ru/product/027e82dc1b093330/elektriceskaa-varocnaa-poverhnost-homsair-hv32bk/"
"Электрическая варочная поверхность MAUNFELD EEHE.32.4B [независимая, конфорок - 2 шт, панель - эмалированная сталь, 3 кВт]";"7 499 ₽";"https://www.dns-shop.ru/product/5611de3328bd3330/elektriceskaa-varocnaa-poverhnost-maunfeld-eehe324b/"
"Электрическая варочная поверхность MAUNFELD EEHE.32.4W [независимая, конфорок - 2 шт, панель - эмалированная сталь, 3 кВт]";"7 499 ₽";"https://www.dns-shop.ru/product/5611de3528bd3330/elektriceskaa-varocnaa-poverhnost-maunfeld-eehe324w/"
"Электрическая варочная поверхность Лысьва ПЭВ 20С [независимая, конфорок - 2 шт, панель - стеклокерамика, 2.9 кВт]";"7 899 ₽";"https://www.dns-shop.ru/product/73ed00d1d9763330/elektriceskaa-varocnaa-poverhnost-lysva-pev-20s/"
"Индукционная варочная поверхность HOMSair HIY32BK [независимая, конфорок - 2 шт, панель - стеклокерамика, 3.5 кВт]";"7 999 ₽";"https://www.dns-shop.ru/product/44c8c88422473333/indukcionnaa-varocnaa-poverhnost-homsair-hiy32bk/"
"Электрическая варочная поверхность MAUNFELD EEHS.32.4S [независимая, конфорок - 2 шт, панель - нержавеющая сталь, 3 кВт]";"7 999 ₽";"https://www.dns-shop.ru/product/5611de3728bd3330/elektriceskaa-varocnaa-poverhnost-maunfeld-eehs324s/"
